{"cameraMode":{"drawMode":0,"name":"Shaded","section":"Shading Mode"},"sceneLighting":false,"audioPlay":false,"sceneViewState":{"showFog":true,"showMaterialUpdate":false,"showSkybox":false,"showFlares":true,"showImageEffects":true,"showParticleSystems":true},"in2DMode":false,"pivot":{"x":-0.6086591482162476,"y":1.1718788146972657,"z":-14.499285697937012},"rotation":{"x":-0.17386537790298463,"y":-0.42233702540397646,"z":0.082879438996315,"w":-0.8857976198196411},"size":1.689719557762146,"orthographic":false}