{"cameraMode":{"drawMode":0,"name":"Shaded","section":"Shading Mode"},"sceneLighting":false,"audioPlay":false,"sceneViewState":{"showFog":true,"showMaterialUpdate":false,"showSkybox":false,"showFlares":true,"showImageEffects":true,"showParticleSystems":true},"in2DMode":false,"pivot":{"x":-0.8429998159408569,"y":0.6546335816383362,"z":-12.288413047790528},"rotation":{"x":-0.1844577044248581,"y":-0.09068680554628372,"z":0.017057720571756364,"w":-0.9785588979721069},"size":1.689719557762146,"orthographic":false}