{"cameraMode":{"drawMode":0,"name":"Shaded","section":"Shading Mode"},"sceneLighting":false,"audioPlay":false,"sceneViewState":{"showFog":true,"showMaterialUpdate":false,"showSkybox":false,"showFlares":true,"showImageEffects":true,"showParticleSystems":true},"in2DMode":false,"pivot":{"x":-2.2173054218292238,"y":-0.1101064383983612,"z":-9.424554824829102},"rotation":{"x":-0.17386537790298463,"y":-0.42233702540397646,"z":0.082879438996315,"w":-0.8857976198196411},"size":1.6897188425064088,"orthographic":false}