{"cameraMode":{"drawMode":0,"name":"Shaded","section":"Shading Mode"},"sceneLighting":false,"audioPlay":false,"sceneViewState":{"showFog":true,"showMaterialUpdate":false,"showSkybox":false,"showFlares":true,"showImageEffects":true,"showParticleSystems":true},"in2DMode":false,"pivot":{"x":83.80418395996094,"y":-6.272320747375488,"z":-19.581571578979493},"rotation":{"x":-0.17386537790298463,"y":-0.42233702540397646,"z":0.082879438996315,"w":-0.8857976198196411},"size":1.6897207498550416,"orthographic":false}